REF,POS,ALT,Frequency
M,1,N,54
F,2,V,54
V,3,C,54
V,3,G,54
L,5,F,398
I,6,V,58
F,6,V,61
F,12,S,59
H,14,Q,58
Q,14,R,59
F,18,L,199
L,18,F,430
R,21,I,159
I,22,T,64
T,22,I,59
Q,23,H,69
S,26,P,60
P,26,S,167
A,27,S,59
S,27,A,56
T,29,I,51
I,29,T,66
Y,49,H,66
H,49,Y,50
F,54,L,129
L,54,F,400
R,64,W,66
H,69,R,54
R,72,G,69
G,72,R,62
V,75,G,59
G,75,R,47
R,75,G,110
T,76,I,109
S,78,R,55
A,80,D,57
D,80,A,53
D,80,Y,108
Y,80,D,108
H,88,D,57
D,88,H,52
I,95,T,56
T,95,I,62
E,96,D,51
F,98,S,798
I,101,T,55
S,102,R,60
D,111,N,65
N,125,S,55
C,133,F,59
H,138,D,97
D,138,Y,274
N,138,D,52
Y,138,D,422
S,142,G,60
V,143,F,119
H,145,Y,54
Q,146,H,64
T,148,N,124
W,152,L,398
M,153,I,53
T,153,M,60
M,153,T,644
E,154,A,126
E,154,V,49
S,155,N,120
E,156,Q,66
L,157,F,120
T,167,S,50
I,171,V,65
K,173,Q,65
Q,173,K,55
L,176,F,51
N,178,D,62
D,178,N,57
I,179,L,60
F,179,L,59
K,180,E,66
V,180,E,57
G,181,V,120
G,181,A,61
R,182,K,63
H,198,D,68
Y,207,H,62
N,211,D,55
N,211,K,60
V,213,L,53
F,213,V,56
L,214,R,54
D,215,H,50
D,215,Y,59
L,216,F,63
V,222,A,177
A,222,V,55
I,233,V,51
R,239,Q,59
R,246,K,60
F,254,S,190
S,255,F,120
S,255,Y,72
L,256,S,63
G,257,S,63
S,257,G,63
W,258,L,112
S,263,A,56
L,267,V,63
